{
  "table_of_contents": [
    {
      "title": "SUMMARISING 81",
      "heading_level": null,
      "page_id": 1,
      "polygon": [
        [
          71.982421875,
          60.07965087890624
        ],
        [
          396.0013122558594,
          60.07965087890624
        ],
        [
          396.0013122558594,
          70.96252059936523
        ],
        [
          71.982421875,
          70.96252059936523
        ]
      ]
    },
    {
      "title": "Green Sahara",
      "heading_level": null,
      "page_id": 2,
      "polygon": [
        [
          182.8125,
          524.0595817565918
        ],
        [
          287.015625,
          524.0595817565918
        ],
        [
          287.015625,
          541.1767578125
        ],
        [
          182.8125,
          541.1767578125
        ]
      ]
    },
    {
      "title": "The Great Desert Where Hippos Once Wallowed",
      "heading_level": null,
      "page_id": 2,
      "polygon": [
        [
          90.0001220703125,
          548.86962890625
        ],
        [
          335.00390625,
          548.86962890625
        ],
        [
          335.00390625,
          561.8605003356934
        ],
        [
          90.0001220703125,
          561.8605003356934
        ]
      ]
    }
  ],
  "page_stats": [
    {
      "page_id": 0,
      "text_extraction_method": "pdftext",
      "block_counts": [
        [
          "Span",
          87
        ],
        [
          "Line",
          32
        ],
        [
          "Text",
          12
        ],
        [
          "ListItem",
          2
        ],
        [
          "Picture",
          1
        ],
        [
          "Handwriting",
          1
        ],
        [
          "PageHeader",
          1
        ],
        [
          "PageFooter",
          1
        ]
      ],
      "block_metadata": {
        "llm_request_count": 0,
        "llm_error_count": 0,
        "llm_tokens_used": 0
      }
    },
    {
      "page_id": 1,
      "text_extraction_method": "pdftext",
      "block_counts": [
        [
          "Span",
          98
        ],
        [
          "Line",
          41
        ],
        [
          "ListItem",
          6
        ],
        [
          "Text",
          5
        ],
        [
          "PageHeader",
          2
        ],
        [
          "SectionHeader",
          1
        ],
        [
          "PageFooter",
          1
        ],
        [
          "ListGroup",
          1
        ]
      ],
      "block_metadata": {
        "llm_request_count": 0,
        "llm_error_count": 0,
        "llm_tokens_used": 0
      }
    },
    {
      "page_id": 2,
      "text_extraction_method": "pdftext",
      "block_counts": [
        [
          "Span",
          78
        ],
        [
          "Line",
          38
        ],
        [
          "Text",
          12
        ],
        [
          "PageHeader",
          3
        ],
        [
          "SectionHeader",
          2
        ],
        [
          "PageFooter",
          1
        ]
      ],
      "block_metadata": {
        "llm_request_count": 0,
        "llm_error_count": 0,
        "llm_tokens_used": 0
      }
    },
    {
      "page_id": 3,
      "text_extraction_method": "pdftext",
      "block_counts": [
        [
          "Span",
          92
        ],
        [
          "Line",
          43
        ],
        [
          "Text",
          9
        ],
        [
          "PageHeader",
          2
        ],
        [
          "PageFooter",
          1
        ]
      ],
      "block_metadata": {
        "llm_request_count": 0,
        "llm_error_count": 0,
        "llm_tokens_used": 0
      }
    },
    {
      "page_id": 4,
      "text_extraction_method": "pdftext",
      "block_counts": [
        [
          "Span",
          36
        ],
        [
          "Line",
          15
        ],
        [
          "Text",
          4
        ],
        [
          "PageHeader",
          3
        ],
        [
          "PageFooter",
          1
        ]
      ],
      "block_metadata": {
        "llm_request_count": 0,
        "llm_error_count": 0,
        "llm_tokens_used": 0
      }
    }
  ],
  "debug_data_path": "debug_data/english2_11_w2"
}