{
  "table_of_contents": [
    {
      "title": "BEFORE YOU READ",
      "heading_level": null,
      "page_id": 0,
      "polygon": [
        [
          89.455078125,
          161.61865234375
        ],
        [
          178.294921875,
          161.61865234375
        ],
        [
          178.294921875,
          177.0732250213623
        ],
        [
          89.455078125,
          177.0732250213623
        ]
      ]
    },
    {
      "title": "Thinking about Language",
      "heading_level": null,
      "page_id": 7,
      "polygon": [
        [
          72.228515625,
          237.4873046875
        ],
        [
          215.947265625,
          237.4873046875
        ],
        [
          215.947265625,
          255.0035228729248
        ],
        [
          72.228515625,
          255.0035228729248
        ]
      ]
    },
    {
      "title": "Dictionary Use",
      "heading_level": null,
      "page_id": 8,
      "polygon": [
        [
          39.0673828125,
          242.67919921875
        ],
        [
          134.3671875,
          242.67919921875
        ],
        [
          134.3671875,
          263.44677734375
        ],
        [
          39.0673828125,
          263.44677734375
        ]
      ]
    }
  ],
  "page_stats": [
    {
      "page_id": 0,
      "text_extraction_method": "pdftext",
      "block_counts": [
        [
          "Span",
          115
        ],
        [
          "Line",
          33
        ],
        [
          "Picture",
          3
        ],
        [
          "Text",
          3
        ],
        [
          "ListItem",
          2
        ],
        [
          "SectionHeader",
          1
        ],
        [
          "Table",
          1
        ],
        [
          "PageFooter",
          1
        ],
        [
          "ListGroup",
          1
        ]
      ],
      "block_metadata": {
        "llm_request_count": 0,
        "llm_error_count": 0,
        "llm_tokens_used": 0
      }
    },
    {
      "page_id": 1,
      "text_extraction_method": "pdftext",
      "block_counts": [
        [
          "Span",
          96
        ],
        [
          "Line",
          23
        ],
        [
          "ListItem",
          6
        ],
        [
          "Text",
          4
        ],
        [
          "PageFooter",
          2
        ],
        [
          "Picture",
          1
        ],
        [
          "ListGroup",
          1
        ]
      ],
      "block_metadata": {
        "llm_request_count": 0,
        "llm_error_count": 0,
        "llm_tokens_used": 0
      }
    },
    {
      "page_id": 2,
      "text_extraction_method": "pdftext",
      "block_counts": [
        [
          "Span",
          189
        ],
        [
          "Line",
          41
        ],
        [
          "Picture",
          2
        ],
        [
          "Table",
          1
        ],
        [
          "Text",
          1
        ],
        [
          "PageFooter",
          1
        ]
      ],
      "block_metadata": {
        "llm_request_count": 0,
        "llm_error_count": 0,
        "llm_tokens_used": 0
      }
    },
    {
      "page_id": 3,
      "text_extraction_method": "pdftext",
      "block_counts": [
        [
          "Span",
          182
        ],
        [
          "Line",
          42
        ],
        [
          "Table",
          1
        ],
        [
          "Text",
          1
        ],
        [
          "PageFooter",
          1
        ]
      ],
      "block_metadata": {
        "llm_request_count": 0,
        "llm_error_count": 0,
        "llm_tokens_used": 0
      }
    },
    {
      "page_id": 4,
      "text_extraction_method": "pdftext",
      "block_counts": [
        [
          "Span",
          183
        ],
        [
          "Line",
          42
        ],
        [
          "Picture",
          2
        ],
        [
          "Table",
          1
        ],
        [
          "Text",
          1
        ],
        [
          "PageFooter",
          1
        ]
      ],
      "block_metadata": {
        "llm_request_count": 0,
        "llm_error_count": 0,
        "llm_tokens_used": 0
      }
    },
    {
      "page_id": 5,
      "text_extraction_method": "pdftext",
      "block_counts": [
        [
          "Span",
          156
        ],
        [
          "Line",
          44
        ],
        [
          "Text",
          15
        ],
        [
          "Table",
          1
        ],
        [
          "PageFooter",
          1
        ]
      ],
      "block_metadata": {
        "llm_request_count": 0,
        "llm_error_count": 0,
        "llm_tokens_used": 0
      }
    },
    {
      "page_id": 6,
      "text_extraction_method": "pdftext",
      "block_counts": [
        [
          "Span",
          129
        ],
        [
          "Line",
          37
        ],
        [
          "ListItem",
          15
        ],
        [
          "Text",
          4
        ],
        [
          "Picture",
          3
        ],
        [
          "PageFooter",
          2
        ],
        [
          "ListGroup",
          2
        ]
      ],
      "block_metadata": {
        "llm_request_count": 0,
        "llm_error_count": 0,
        "llm_tokens_used": 0
      }
    },
    {
      "page_id": 7,
      "text_extraction_method": "pdftext",
      "block_counts": [
        [
          "Span",
          122
        ],
        [
          "Line",
          37
        ],
        [
          "ListItem",
          24
        ],
        [
          "Text",
          2
        ],
        [
          "PageFooter",
          2
        ],
        [
          "ListGroup",
          2
        ],
        [
          "SectionHeader",
          1
        ]
      ],
      "block_metadata": {
        "llm_request_count": 0,
        "llm_error_count": 0,
        "llm_tokens_used": 0
      }
    },
    {
      "page_id": 8,
      "text_extraction_method": "pdftext",
      "block_counts": [
        [
          "Span",
          72
        ],
        [
          "Line",
          24
        ],
        [
          "ListItem",
          12
        ],
        [
          "Text",
          4
        ],
        [
          "ListGroup",
          3
        ],
        [
          "Picture",
          2
        ],
        [
          "PageFooter",
          2
        ],
        [
          "Table",
          1
        ],
        [
          "SectionHeader",
          1
        ],
        [
          "TableOfContents",
          1
        ]
      ],
      "block_metadata": {
        "llm_request_count": 0,
        "llm_error_count": 0,
        "llm_tokens_used": 0
      }
    },
    {
      "page_id": 9,
      "text_extraction_method": "pdftext",
      "block_counts": [
        [
          "Span",
          108
        ],
        [
          "Line",
          31
        ],
        [
          "Text",
          5
        ],
        [
          "Picture",
          3
        ],
        [
          "ListItem",
          3
        ],
        [
          "Table",
          2
        ],
        [
          "PageFooter",
          2
        ]
      ],
      "block_metadata": {
        "llm_request_count": 0,
        "llm_error_count": 0,
        "llm_tokens_used": 0
      }
    }
  ],
  "debug_data_path": "debug_data/english_9_9"
}