{
  "table_of_contents": [
    {
      "title": "The Lost-wax Process",
      "heading_level": null,
      "page_id": 2,
      "polygon": [
        [
          87.51708984375,
          353.8562927246094
        ],
        [
          220.07911682128906,
          353.8562927246094
        ],
        [
          220.07911682128906,
          365.8562927246094
        ],
        [
          87.51708984375,
          365.8562927246094
        ]
      ]
    },
    {
      "title": "Nataraja",
      "heading_level": null,
      "page_id": 4,
      "polygon": [
        [
          425.0398864746094,
          450.5770568847656
        ],
        [
          477.421875,
          450.5770568847656
        ],
        [
          477.421875,
          462.5770568847656
        ],
        [
          425.0398864746094,
          462.5770568847656
        ]
      ]
    },
    {
      "title": "EXERCISE",
      "heading_level": null,
      "page_id": 5,
      "polygon": [
        [
          241.1999969482422,
          554.2339782714844
        ],
        [
          313.30810546875,
          554.2339782714844
        ],
        [
          313.30810546875,
          572.2339782714844
        ],
        [
          241.1999969482422,
          572.2339782714844
        ]
      ]
    }
  ],
  "page_stats": [
    {
      "page_id": 0,
      "text_extraction_method": "pdftext",
      "block_counts": [
        [
          "Span",
          100
        ],
        [
          "Line",
          46
        ],
        [
          "Text",
          5
        ],
        [
          "Picture",
          4
        ],
        [
          "Caption",
          1
        ],
        [
          "PageFooter",
          1
        ],
        [
          "PictureGroup",
          1
        ]
      ],
      "block_metadata": {
        "llm_request_count": 0,
        "llm_error_count": 0,
        "llm_tokens_used": 0
      }
    },
    {
      "page_id": 1,
      "text_extraction_method": "pdftext",
      "block_counts": [
        [
          "Span",
          95
        ],
        [
          "Line",
          34
        ],
        [
          "Text",
          3
        ],
        [
          "PageHeader",
          2
        ],
        [
          "Picture",
          2
        ],
        [
          "Caption",
          2
        ],
        [
          "PictureGroup",
          2
        ],
        [
          "PageFooter",
          1
        ]
      ],
      "block_metadata": {
        "llm_request_count": 0,
        "llm_error_count": 0,
        "llm_tokens_used": 0
      }
    },
    {
      "page_id": 2,
      "text_extraction_method": "pdftext",
      "block_counts": [
        [
          "Span",
          112
        ],
        [
          "Line",
          51
        ],
        [
          "Text",
          6
        ],
        [
          "PageHeader",
          2
        ],
        [
          "Picture",
          2
        ],
        [
          "SectionHeader",
          1
        ],
        [
          "Caption",
          1
        ],
        [
          "PageFooter",
          1
        ],
        [
          "PictureGroup",
          1
        ]
      ],
      "block_metadata": {
        "llm_request_count": 0,
        "llm_error_count": 0,
        "llm_tokens_used": 0
      }
    },
    {
      "page_id": 3,
      "text_extraction_method": "pdftext",
      "block_counts": [
        [
          "Span",
          85
        ],
        [
          "Line",
          33
        ],
        [
          "Text",
          5
        ],
        [
          "PageHeader",
          2
        ],
        [
          "Picture",
          2
        ],
        [
          "Caption",
          1
        ],
        [
          "PageFooter",
          1
        ],
        [
          "PictureGroup",
          1
        ]
      ],
      "block_metadata": {
        "llm_request_count": 0,
        "llm_error_count": 0,
        "llm_tokens_used": 0
      }
    },
    {
      "page_id": 4,
      "text_extraction_method": "pdftext",
      "block_counts": [
        [
          "Span",
          134
        ],
        [
          "Line",
          53
        ],
        [
          "Text",
          5
        ],
        [
          "PageHeader",
          2
        ],
        [
          "Picture",
          2
        ],
        [
          "Caption",
          1
        ],
        [
          "SectionHeader",
          1
        ],
        [
          "PageFooter",
          1
        ],
        [
          "PictureGroup",
          1
        ]
      ],
      "block_metadata": {
        "llm_request_count": 0,
        "llm_error_count": 0,
        "llm_tokens_used": 0
      }
    },
    {
      "page_id": 5,
      "text_extraction_method": "pdftext",
      "block_counts": [
        [
          "Span",
          131
        ],
        [
          "Line",
          52
        ],
        [
          "Text",
          5
        ],
        [
          "ListItem",
          4
        ],
        [
          "PageHeader",
          2
        ],
        [
          "Picture",
          2
        ],
        [
          "SectionHeader",
          1
        ],
        [
          "PageFooter",
          1
        ],
        [
          "ListGroup",
          1
        ]
      ],
      "block_metadata": {
        "llm_request_count": 0,
        "llm_error_count": 0,
        "llm_tokens_used": 0
      }
    }
  ],
  "debug_data_path": "debug_data/art_11_7"
}