{
  "table_of_contents": [
    {
      "title": "SOURCE BOOKS",
      "heading_level": null,
      "page_id": 8,
      "polygon": [
        [
          261.474609375,
          479.85299491882324
        ],
        [
          386.982421875,
          479.85299491882324
        ],
        [
          386.982421875,
          499.166015625
        ],
        [
          261.474609375,
          499.166015625
        ]
      ]
    },
    {
      "title": "NOTES",
      "heading_level": null,
      "page_id": 9,
      "polygon": [
        [
          279.931640625,
          66.004638671875
        ],
        [
          331.9189453125,
          66.004638671875
        ],
        [
          331.9189453125,
          86.04345703125
        ],
        [
          279.931640625,
          86.04345703125
        ]
      ]
    },
    {
      "title": "NOTES",
      "heading_level": null,
      "page_id": 10,
      "polygon": [
        [
          298.0810546875,
          66.33196830749512
        ],
        [
          349.20269775390625,
          66.33196830749512
        ],
        [
          349.20269775390625,
          85.4736328125
        ],
        [
          298.0810546875,
          85.4736328125
        ]
      ]
    }
  ],
  "page_stats": [
    {
      "page_id": 0,
      "text_extraction_method": "pdftext",
      "block_counts": [
        [
          "Span",
          232
        ],
        [
          "Line",
          101
        ],
        [
          "ListItem",
          29
        ],
        [
          "ListGroup",
          2
        ],
        [
          "PageHeader",
          1
        ],
        [
          "Picture",
          1
        ],
        [
          "Text",
          1
        ],
        [
          "PageFooter",
          1
        ]
      ],
      "block_metadata": {
        "llm_request_count": 0,
        "llm_error_count": 0,
        "llm_tokens_used": 0
      }
    },
    {
      "page_id": 1,
      "text_extraction_method": "pdftext",
      "block_counts": [
        [
          "Span",
          252
        ],
        [
          "Line",
          109
        ],
        [
          "ListItem",
          31
        ],
        [
          "ListGroup",
          2
        ],
        [
          "Text",
          1
        ],
        [
          "Picture",
          1
        ],
        [
          "PageFooter",
          1
        ]
      ],
      "block_metadata": {
        "llm_request_count": 0,
        "llm_error_count": 0,
        "llm_tokens_used": 0
      }
    },
    {
      "page_id": 2,
      "text_extraction_method": "pdftext",
      "block_counts": [
        [
          "Span",
          250
        ],
        [
          "Line",
          110
        ],
        [
          "ListItem",
          30
        ],
        [
          "ListGroup",
          2
        ],
        [
          "Picture",
          1
        ],
        [
          "Text",
          1
        ],
        [
          "PageFooter",
          1
        ]
      ],
      "block_metadata": {
        "llm_request_count": 0,
        "llm_error_count": 0,
        "llm_tokens_used": 0
      }
    },
    {
      "page_id": 3,
      "text_extraction_method": "pdftext",
      "block_counts": [
        [
          "Span",
          252
        ],
        [
          "Line",
          110
        ],
        [
          "ListItem",
          30
        ],
        [
          "PageFooter",
          2
        ],
        [
          "ListGroup",
          2
        ],
        [
          "Picture",
          1
        ]
      ],
      "block_metadata": {
        "llm_request_count": 0,
        "llm_error_count": 0,
        "llm_tokens_used": 0
      }
    },
    {
      "page_id": 4,
      "text_extraction_method": "pdftext",
      "block_counts": [
        [
          "Span",
          249
        ],
        [
          "Line",
          107
        ],
        [
          "ListItem",
          32
        ],
        [
          "Text",
          4
        ],
        [
          "ListGroup",
          3
        ],
        [
          "Picture",
          1
        ],
        [
          "PageFooter",
          1
        ]
      ],
      "block_metadata": {
        "llm_request_count": 0,
        "llm_error_count": 0,
        "llm_tokens_used": 0
      }
    },
    {
      "page_id": 5,
      "text_extraction_method": "pdftext",
      "block_counts": [
        [
          "Span",
          254
        ],
        [
          "Line",
          109
        ],
        [
          "ListItem",
          33
        ],
        [
          "Text",
          2
        ],
        [
          "ListGroup",
          2
        ],
        [
          "Picture",
          1
        ],
        [
          "PageFooter",
          1
        ]
      ],
      "block_metadata": {
        "llm_request_count": 0,
        "llm_error_count": 0,
        "llm_tokens_used": 0
      }
    },
    {
      "page_id": 6,
      "text_extraction_method": "pdftext",
      "block_counts": [
        [
          "Span",
          248
        ],
        [
          "Line",
          106
        ],
        [
          "ListItem",
          33
        ],
        [
          "Text",
          2
        ],
        [
          "ListGroup",
          2
        ],
        [
          "Picture",
          1
        ],
        [
          "PageFooter",
          1
        ]
      ],
      "block_metadata": {
        "llm_request_count": 0,
        "llm_error_count": 0,
        "llm_tokens_used": 0
      }
    },
    {
      "page_id": 7,
      "text_extraction_method": "pdftext",
      "block_counts": [
        [
          "Span",
          88
        ],
        [
          "Line",
          38
        ],
        [
          "ListItem",
          11
        ],
        [
          "Text",
          2
        ],
        [
          "ListGroup",
          2
        ],
        [
          "Picture",
          1
        ],
        [
          "PageFooter",
          1
        ]
      ],
      "block_metadata": {
        "llm_request_count": 0,
        "llm_error_count": 0,
        "llm_tokens_used": 0
      }
    },
    {
      "page_id": 8,
      "text_extraction_method": "pdftext",
      "block_counts": [
        [
          "Span",
          150
        ],
        [
          "Line",
          35
        ],
        [
          "ListItem",
          15
        ],
        [
          "Text",
          2
        ],
        [
          "ListGroup",
          2
        ],
        [
          "PageHeader",
          1
        ],
        [
          "SectionHeader",
          1
        ],
        [
          "Picture",
          1
        ],
        [
          "PageFooter",
          1
        ]
      ],
      "block_metadata": {
        "llm_request_count": 0,
        "llm_error_count": 0,
        "llm_tokens_used": 0
      }
    },
    {
      "page_id": 9,
      "text_extraction_method": "pdftext",
      "block_counts": [
        [
          "Span",
          8
        ],
        [
          "Line",
          3
        ],
        [
          "Text",
          2
        ],
        [
          "SectionHeader",
          1
        ],
        [
          "PageFooter",
          1
        ]
      ],
      "block_metadata": {
        "llm_request_count": 0,
        "llm_error_count": 0,
        "llm_tokens_used": 0
      }
    },
    {
      "page_id": 10,
      "text_extraction_method": "pdftext",
      "block_counts": [
        [
          "Span",
          8
        ],
        [
          "Line",
          3
        ],
        [
          "Text",
          2
        ],
        [
          "SectionHeader",
          1
        ],
        [
          "PageFooter",
          1
        ]
      ],
      "block_metadata": {
        "llm_request_count": 0,
        "llm_error_count": 0,
        "llm_tokens_used": 0
      }
    }
  ],
  "debug_data_path": "debug_data/psy_11_glo"
}