{
  "table_of_contents": [
    {
      "title": "About the poet",
      "heading_level": null,
      "page_id": 0,
      "polygon": [
        [
          110.0302734375,
          166.41455078125
        ],
        [
          188.8681640625,
          166.41455078125
        ],
        [
          188.8681640625,
          178.10277557373047
        ],
        [
          110.0302734375,
          178.10277557373047
        ]
      ]
    },
    {
      "title": "Before you read",
      "heading_level": null,
      "page_id": 0,
      "polygon": [
        [
          96.7763671875,
          356.173828125
        ],
        [
          183.3837890625,
          356.173828125
        ],
        [
          183.3837890625,
          367.70272064208984
        ],
        [
          96.7763671875,
          367.70272064208984
        ]
      ]
    },
    {
      "title": "Think it out",
      "heading_level": null,
      "page_id": 1,
      "polygon": [
        [
          68.8974609375,
          348.1918258666992
        ],
        [
          131.16796875,
          348.1918258666992
        ],
        [
          131.16796875,
          365.51171875
        ],
        [
          68.8974609375,
          365.51171875
        ]
      ]
    }
  ],
  "page_stats": [
    {
      "page_id": 0,
      "text_extraction_method": "pdftext",
      "block_counts": [
        [
          "Span",
          73
        ],
        [
          "Line",
          35
        ],
        [
          "Text",
          4
        ],
        [
          "Picture",
          3
        ],
        [
          "SectionHeader",
          2
        ],
        [
          "PageFooter",
          1
        ]
      ],
      "block_metadata": {
        "llm_request_count": 0,
        "llm_error_count": 0,
        "llm_tokens_used": 0
      }
    },
    {
      "page_id": 1,
      "text_extraction_method": "pdftext",
      "block_counts": [
        [
          "Span",
          86
        ],
        [
          "Line",
          31
        ],
        [
          "ListItem",
          7
        ],
        [
          "Text",
          5
        ],
        [
          "Picture",
          1
        ],
        [
          "SectionHeader",
          1
        ],
        [
          "PageFooter",
          1
        ],
        [
          "ListGroup",
          1
        ]
      ],
      "block_metadata": {
        "llm_request_count": 0,
        "llm_error_count": 0,
        "llm_tokens_used": 0
      }
    }
  ],
  "debug_data_path": "debug_data/english2_12_po3"
}