{
  "table_of_contents": [
    {
      "title": "ABOUT THE AUTHOR",
      "heading_level": null,
      "page_id": 1,
      "polygon": [
        [
          52.03515625,
          207.82470703125
        ],
        [
          145.46875,
          207.82470703125
        ],
        [
          145.46875,
          220.52277374267578
        ],
        [
          52.03515625,
          220.52277374267578
        ]
      ]
    },
    {
      "title": "UNDERSTANDING THE TEXT",
      "heading_level": null,
      "page_id": 1,
      "polygon": [
        [
          52.3359375,
          362.77880859375
        ],
        [
          176.53125,
          362.77880859375
        ],
        [
          176.53125,
          374.6027297973633
        ],
        [
          52.3359375,
          374.6027297973633
        ]
      ]
    },
    {
      "title": "SUGGESTED READING",
      "heading_level": null,
      "page_id": 2,
      "polygon": [
        [
          52.3359375,
          547.3271484375
        ],
        [
          149.625,
          547.3271484375
        ],
        [
          149.625,
          558.4426345825195
        ],
        [
          52.3359375,
          558.4426345825195
        ]
      ]
    }
  ],
  "page_stats": [
    {
      "page_id": 0,
      "text_extraction_method": "pdftext",
      "block_counts": [
        [
          "Span",
          84
        ],
        [
          "Line",
          36
        ],
        [
          "Text",
          7
        ],
        [
          "Picture",
          2
        ],
        [
          "ListItem",
          1
        ],
        [
          "Table",
          1
        ],
        [
          "PageFooter",
          1
        ]
      ],
      "block_metadata": {
        "llm_request_count": 0,
        "llm_error_count": 0,
        "llm_tokens_used": 0
      }
    },
    {
      "page_id": 1,
      "text_extraction_method": "pdftext",
      "block_counts": [
        [
          "Span",
          98
        ],
        [
          "Line",
          37
        ],
        [
          "ListItem",
          7
        ],
        [
          "Text",
          5
        ],
        [
          "PageHeader",
          2
        ],
        [
          "SectionHeader",
          2
        ],
        [
          "Picture",
          1
        ],
        [
          "PageFooter",
          1
        ],
        [
          "ListGroup",
          1
        ]
      ],
      "block_metadata": {
        "llm_request_count": 0,
        "llm_error_count": 0,
        "llm_tokens_used": 0
      }
    },
    {
      "page_id": 2,
      "text_extraction_method": "pdftext",
      "block_counts": [
        [
          "Span",
          111
        ],
        [
          "Line",
          44
        ],
        [
          "Text",
          8
        ],
        [
          "ListItem",
          3
        ],
        [
          "PageHeader",
          2
        ],
        [
          "SectionHeader",
          1
        ],
        [
          "PageFooter",
          1
        ],
        [
          "ListGroup",
          1
        ]
      ],
      "block_metadata": {
        "llm_request_count": 0,
        "llm_error_count": 0,
        "llm_tokens_used": 0
      }
    }
  ],
  "debug_data_path": "debug_data/english_11_e2"
}